Tid,Inflow mobility
4,0.8690011560443398
5,2.8745279064405107
6,4.151320442003756
7,3.878395144122365
112,0.0
113,2.949744008626052
114,3.693609619304395
115,0.0
116,5.000411281728733
221,4.094732219999751
222,4.9684449063815626
223,5.033479774936355
224,6.075919039700201
225,0.0
331,7.220315297224591
332,6.93072171149569
747,0.2798595304451831
748,0.2697547505453268
749,0.2199169200871004
855,0.4263187125210882
856,0.3599143894740843
857,1.433210797597963
858,0.2541397277375032
887,172.95533802303112
888,286.87882224190554
889,413.9577660647919
890,365.6305195640636
962,0.8016473720017978
963,0.522576994253992
964,0.0
965,2.170828443661603
966,2.9383191277064338
967,1.507009809155435
968,0.1290869576639599
995,198.4112895409391
996,335.04545123053464
997,613.0520879853927
998,817.5719041498052
999,822.1247249253149
1000,581.9817466668579
1002,282.1362152006238
1071,0.8747911084765722
1072,1.8807952087606583
1073,2.4480732282056854
1074,2.818483040767404
1075,4.568427888086651
1076,3.9588046895971583
1077,1.4722496145787534
1078,1.713359321081745
1080,0.0
1081,0.0
1103,200.2952415215106
1104,362.0527346425411
1105,592.8851186410598
1106,920.5426209953206
1107,1228.0448361147348
1108,1302.007827894501
1109,994.03765655358
1110,798.7430075731817
1111,370.09226216439566
1112,217.7050498142219
1113,97.58245763422246
1180,0.7424752932485159
1181,2.881339670670139
1182,3.429795737530444
1183,1.6490182078286606
1184,4.842339776865536
1185,5.77226781009844
1186,5.824148121093417
1187,4.452750830186922
1188,0.5476425899159947
1189,0.0
1190,0.0
1191,0.0
1192,0.0
1193,0.0
1212,295.3295267295584
1213,472.4577878719582
1214,686.4786099560852
1215,978.7098651065836
1216,1325.3436655034366
1217,1570.9628952935036
1218,1556.125115109768
1219,1251.5743831025886
1220,380.4141171733917
1221,216.35517192118863
1222,100.03491235982968
1289,1.3002171535724891
1290,3.7109958484222094
1291,4.111505679379559
1292,1.1425288193866905
1293,2.80651694569864
1294,5.28573777766332
1295,6.620703844663555
1296,6.408667460777307
1297,4.377139692544242
1298,2.776547443986081
1299,3.186028774457662
1300,4.1377813875210565
1301,2.085706385838811
1302,0.7762190527544154
1303,0.2606470896770377
1304,0.6884064078148237
1321,292.310313633223
1322,423.0785659398366
1323,551.1791305386655
1324,726.899949974651
1325,1005.780046763028
1326,1365.5548083440162
1327,1636.085643499816
1328,1552.920113742361
1329,1031.7485492989176
1330,331.7990365749091
1331,133.9826456180355
1332,40.766718853406026
1398,1.5828871401220432
1399,4.255071192797911
1400,4.353402984694706
1401,2.261681003853322
1402,1.2387990841193977
1403,2.307740503185627
1404,5.2797065973238375
1405,5.195950504495846
1406,3.71718096585958
1407,2.680130429977773
1408,3.435292526863587
1409,4.751632784698884
1410,4.411320060867935
1411,3.0206645161171486
1412,1.096834237543045
1413,1.4494167721404934
1414,1.454050810382188
1415,0.5065510678036629
1430,182.0245244703802
1431,230.3656127445781
1432,297.56752784980256
1433,363.7840576964163
1434,568.0854040824742
1435,847.2887335396937
1436,1246.936123020956
1437,1451.0452774255996
1438,1090.3777093745225
1439,363.5829739302344
1440,120.06192540974838
1441,24.578069901604785
1450,346.7241413207523
1451,325.1403128007377
1452,433.7939976034099
1453,724.3296682513768
1454,1094.8466812303752
1455,1431.7431955350603
1507,1.0303087484001354
1508,4.581025354468625
1509,5.602164558576276
1510,4.050277750941862
1511,2.1538769846971384
1512,2.860479653509199
1513,2.4617814617556744
1514,1.0053635320866152
1515,0.7920023956740856
1516,0.5943265386739693
1517,1.9325066747949304
1518,2.893233820828345
1519,3.1990617570204174
1520,2.873053441868695
1521,2.826289607255596
1522,3.1917737245545093
1523,3.092894685727932
1524,1.504502350196265
1525,1.4613673016480642
1539,111.9504753302017
1540,114.9869749316076
1541,157.25184624658323
1542,223.374462947942
1543,321.34118368675763
1544,493.2336021776245
1545,876.2583811615734
1546,1212.612732842074
1547,1058.255416889672
1548,523.6271954234832
1549,254.72363265392627
1550,51.208413781184085
1559,1017.3549277568368
1560,947.9648897456286
1561,1319.1472434244329
1562,2155.5512378985304
1563,2993.9864279458425
1564,3764.847757808708
1565,4141.614855156462
1566,3485.933504246288
1616,0.808630355642555
1617,4.062378572990245
1618,5.180481983326896
1619,4.85274322761654
1620,4.261499682733533
1621,3.335920824245901
1622,1.0363897421622996
1623,0.5879573944275629
1624,0.0
1625,0.0
1626,0.0
1627,0.0
1628,0.0
1629,0.3293495241375368
1630,2.246113117383896
1631,2.738223655219187
1632,2.726490171550568
1633,1.9443770440809656
1634,0.3483527240719829
1649,179.35704465499
1650,183.08076889833845
1651,230.12640129313445
1652,317.927211849962
1653,463.3143680992374
1654,1003.0379194934068
1655,1265.2492011660595
1656,1142.6897829173572
1657,1004.9271113272604
1658,655.3759188982394
1659,68.64503284472491
1660,7.79219105795093
1661,18.89389933732928
1662,28.92449339781283
1663,74.64494647410315
1664,171.09325975989427
1665,376.19701795052407
1666,746.1142554202785
1667,1131.822580481227
1668,1248.8405551294152
1669,1380.798583535258
1670,2206.798579246654
1671,3342.841080644313
1672,4055.981005881733
1673,4816.624258684507
1674,5420.667641723501
1675,4918.637154487806
1725,0.0
1726,3.2581924265761555
1727,2.9863358995470333
1728,3.9235532017469033
1729,4.675156799754391
1730,3.633280598665418
1731,2.1969884399597723
1732,1.2908219305637276
1733,0.196743616464381
1734,0.0
1735,0.0
1736,0.0
1737,0.7769239829338547
1738,1.2015123573149622
1739,0.8155915455405589
1740,1.5605756486086473
1741,0.7649954471398249
1742,0.4722766886535687
1759,461.9586789470333
1760,471.6031036064556
1761,525.6096518569665
1762,910.3489228067282
1763,1518.3058855989204
1764,1588.2691775875903
1765,1236.419154899683
1766,1215.8782312577837
1767,1196.5605133866763
1768,629.1389043341678
1769,147.35111872867543
1770,25.733051071405928
1771,28.374033808041656
1772,70.42766113755943
1773,165.88088012119871
1774,359.53979676930885
1775,674.8479069805365
1776,987.1372063168144
1777,1145.1347862530754
1778,1523.210005599594
1779,2594.331050280851
1780,3454.879829356036
1781,3352.0844710977926
1782,3590.102711617576
1783,4469.70416581116
1784,4855.4574061356925
1785,4056.596605150078
1786,2563.3853291971773
1787,1632.346935223885
1788,1398.514034660878
1789,1270.9075395865032
1834,1.0444279514225
1835,5.217079246094854
1836,6.102270607359183
1837,3.38739095567285
1838,5.517270166132783
1839,4.065283618274352
1840,2.6154914759630428
1841,1.9600239825970909
1842,0.1666986467675702
1843,2.220999474870079
1844,2.511933368774616
1845,2.210564207294763
1846,1.5752939817153888
1847,1.0490703530679033
1848,0.1776293626588913
1849,0.2384335876665713
1850,0.2534288366346733
1868,925.0111059269057
1869,757.6269915184217
1870,762.8554443961772
1871,1175.401739373664
1872,1809.4046389750745
1873,1806.7613396587487
1874,1185.4643804771847
1875,1203.1671731690817
1876,1235.370373224677
1877,689.5969617608685
1878,178.41866189941595
1879,22.60412675005632
1880,40.09495234327762
1881,83.19287699851445
1882,157.54629179257412
1883,329.3589258343588
1884,644.6467915703292
1885,1020.6574797339284
1886,1160.134447221217
1887,1769.9966885252586
1888,2534.804565875673
1889,2714.234574222449
1890,1971.3866371099823
1891,1719.1454479546092
1892,2515.4624529418625
1893,3612.79222480376
1894,3860.123110585407
1895,2984.4171292654446
1896,2120.316058312102
1897,1725.3236482084562
1898,1490.7723223494104
1899,1111.1720901927945
1900,636.0135461921426
1901,192.0680944141122
1942,0.0
1943,2.115460787636306
1944,9.393007580125778
1945,10.367334956621944
1946,8.605637094069772
1947,6.467362753354645
1948,4.29008720396045
1949,3.2258926310200056
1950,3.022086440611877
1951,2.732279596614881
1952,2.883640780419555
1953,3.060855775036581
1954,2.377197730828231
1955,0.5644222567427938
1956,0.3500744890071453
1957,0.0
1974,2234.040031537312
1975,2347.95150815514
1976,1952.702749850441
1977,1429.7938440893452
1978,1160.6761100076185
1979,1203.6388677596435
1980,1438.8902054802395
1981,1733.8565735929983
1982,1697.6627169072287
1983,1259.2036094492005
1984,1039.9420869542034
1985,1017.8114238549816
1986,605.0291541625926
1987,204.3894870912177
1988,105.69360603757409
1989,177.9744000817661
1990,243.25735041097343
1991,300.62260669695564
1992,476.3362155521489
1993,904.3473376555296
1994,1490.9578583458297
1995,1848.656979502356
1996,1987.619588893564
1997,2027.4539486230808
1998,1629.7802134531944
1999,920.2717873298712
2000,447.7936073889341
2001,941.4280227147904
2002,2197.53635438974
2003,3208.045619129455
2004,3296.5701479939894
2005,2714.70006907546
2006,2018.8221351369773
2007,1494.8862072539728
2008,1005.8833787776904
2009,556.9412652284065
2010,199.2492923790945
2011,95.8077097797235
2020,126.18999142726572
2021,146.0884300316659
2050,0.0
2051,0.3082599876708258
2052,3.419338486467016
2053,11.512799721722285
2054,11.977550277966882
2055,7.89709131463732
2056,5.492549795352984
2057,3.527099301365753
2058,3.402488382176846
2059,3.613988986410997
2060,2.7861494486381586
2061,1.346395078809382
2062,1.2298648982891969
2063,0.0
2064,0.3796964749383799
2065,0.39465164805621
2082,2213.6103198902865
2083,3086.9620886699754
2084,3407.3361437542485
2085,2877.0384975282336
2086,2122.335015520353
2087,1702.4760450214535
2088,1630.3873030385005
2089,1528.6694518444947
2090,1322.5767501962723
2091,1142.4221314324514
2092,823.8651909359351
2093,621.3991999022578
2094,593.4188579416086
2095,409.01393164107145
2096,258.6772042680846
2097,346.86576137574605
2098,536.4588090676822
2099,655.135451137144
2100,737.7873736814586
2101,941.843296327692
2102,1516.2934586413985
2103,2240.8145236028745
2104,2351.725907615906
2105,1874.9543843958293
2106,1364.7837974202998
2107,913.604630879378
2108,400.2428489420825
2109,294.8647655371116
2110,445.54088543425263
2111,1396.8867275188495
2112,2812.711227989474
2113,3809.655364626082
2114,3573.406989520924
2115,2523.471473943773
2116,1525.3060221722037
2117,804.611490110953
2118,380.0144541595674
2119,137.582188807218
2120,103.11585730098004
2121,130.1084074855948
2122,234.46730149640345
2123,367.5740626196212
2124,436.3775064541721
2125,356.4641968762969
2126,361.8536590967944
2127,405.0746294579702
2128,407.1321750541918
2129,349.5051208448072
2130,281.59903905915354
2131,211.6337707741956
2159,0.0
2160,4.516972981029674
2161,9.292572600345252
2162,12.718090000699188
2163,8.571035441879522
2164,1.5357341966772076
2165,0.2797136551735703
2166,0.1953156143913098
2167,2.5305841035214
2168,2.9050504954209955
2169,0.6465768318670956
2170,0.291983125609677
2171,0.0
2190,1547.9703708145516
2191,2484.572529969498
2192,3632.172563145197
2193,4289.731775016899
2194,3934.506462473106
2195,2978.835798308076
2196,1975.3029703597108
2197,1329.302146224262
2198,959.5243279013708
2199,656.673502383077
2200,482.9871565082081
2201,326.1995224795796
2202,240.7958740803972
2203,243.55496030179208
2204,231.31237058775983
2205,297.0216197684054
2206,529.0365734022378
2207,860.7132492655666
2208,1150.608887955316
2209,1338.2759702195483
2210,1612.6292068993905
2211,2324.543803060453
2212,3132.4928759112136
2213,3079.713576543031
2214,2283.826097361484
2215,1588.8308338338568
2216,1230.4996557898178
2217,1000.75407074128
2218,652.2282159515136
2219,553.9604050152997
2220,1385.5506053480185
2221,2902.03812901966
2222,4079.8812451697727
2223,3801.5265355981614
2224,2486.8482706350565
2225,1253.0881789659516
2226,521.5345676789261
2227,204.67210476355604
2228,57.814297870091984
2229,86.02093346702544
2230,171.3748483571461
2231,376.6335167161864
2232,654.5268556517085
2233,801.895251333906
2234,721.635804780884
2235,606.8125555719358
2236,607.4612798244549
2237,584.5151611302982
2238,446.6692096002869
2239,297.3145576159506
2240,131.65979372209452
2241,174.42407700982235
2242,187.3422101564377
2244,26.873824430660964
2245,21.07719564217829
2267,0.7591297713555976
2268,2.2846378012252315
2269,7.849757672505839
2270,13.980212821441086
2271,15.829096296061223
2272,6.598917066341823
2273,3.152404615489146
2275,0.2435559004781744
2276,0.1793522321491536
2277,0.1802390971936327
2278,0.2257610721578067
2279,0.4115028455799919
2298,883.5902312844531
2299,1504.1264256323043
2300,2482.8473446802955
2301,3675.2129662245256
2302,4499.384879260399
2303,4386.701450194165
2304,3192.569047626336
2305,1634.7908039804877
2306,671.1110378799157
2307,327.1635390524665
2308,194.27898666100103
2309,133.15913477131718
2310,91.65243747131493
2311,78.24076418722082
2312,92.62880431007056
2313,124.19988095328384
2314,177.61256309003178
2315,495.99995858227913
2316,907.9154375906514
2317,1332.467335025096
2318,1618.1024886603018
2319,1993.3647133704385
2320,2843.935948727698
2321,3807.1748248934
2322,3940.118018616102
2323,3318.0070377616125
2324,2750.4666437381584
2325,2462.8055628215498
2326,2151.107934940595
2327,1534.9719912620706
2328,1207.705005542762
2329,2042.2492941383864
2330,3371.172193606498
2331,3940.0462471902574
2332,3210.3503677863428
2333,1935.6727616412863
2334,942.4935435147916
2335,382.28334532988873
2336,136.0433893626008
2337,62.20103726992684
2338,72.41857380098521
2339,166.79116996392383
2340,401.1367483526936
2341,742.9005079480552
2342,934.2830945747814
2343,826.4484935907083
2344,624.3146859750973
2345,609.9671198764293
2346,588.0952222233641
2347,438.3135829814401
2348,211.39111793280964
2349,100.13811915611974
2350,270.04924041011185
2351,345.5522317523479
2352,314.7339033477372
2353,145.95386714600508
2354,83.13394721994106
2355,57.15440816515205
2356,30.591147687717548
2374,0.8163679179262716
2375,0.4435759261415465
2376,1.0467100287689115
2377,4.438060375475643
2378,11.186866492113932
2379,19.294910215849672
2380,20.0349637296331
2381,8.13510669152566
2382,3.061884258506807
2385,0.0
2386,0.0
2387,0.2532152172152649
2407,632.8131480096149
2408,1169.4676595402848
2409,1972.5260772745587
2410,2891.999469217239
2411,3513.6268651204696
2412,3434.9550203649314
2413,2317.951168903632
2414,998.729592374013
2415,307.3213982750245
2416,100.03418149878718
2417,51.21890874621835
2418,39.55956276945138
2419,30.52108262908436
2420,14.672931529083815
2421,52.63710147535027
2422,85.8662931404474
2423,162.44547000551157
2424,350.4480555185962
2425,675.236446607035
2426,1023.6054983796398
2427,1274.7952735518772
2428,1654.3047329701649
2429,2475.8674052362685
2430,3435.225544519524
2431,3782.798003895378
2432,3615.411384087673
2433,3587.3494651750334
2434,3695.328002165546
2435,3479.187018888349
2436,2834.4745277038123
2437,2572.0978883425205
2438,3295.417373919496
2439,4228.589658591548
2440,4001.220786268036
2441,2898.4056834861144
2442,1985.294105420352
2443,1216.7529110376568
2444,550.3640869218887
2445,193.5808997217359
2446,86.37477109704808
2447,102.2704531021765
2448,196.006646664061
2449,386.8895636421644
2450,660.9659321059162
2451,834.6639687591203
2452,748.7860906751671
2453,535.8650857600039
2454,444.8832127955053
2455,474.9050901406991
2456,392.3307470412261
2457,245.56878584301805
2458,175.5373743420144
2459,265.0313657898003
2460,421.5830012473922
2461,457.8983479778411
2462,350.011393705975
2463,204.3759681424387
2464,144.05990558083212
2465,70.59350921119197
2482,0.9848124246883416
2483,3.828574756110607
2484,3.625473124297376
2485,3.065709006138568
2486,4.830635652103376
2487,11.621851837486016
2488,20.22749587843885
2489,21.02075115090051
2490,13.16995517183051
2491,2.8375003527475053
2515,248.94994262190207
2516,416.6840342847029
2517,736.905703272404
2518,1200.4764745575485
2519,1778.25508011501
2520,2160.986665238702
2521,2137.703603225232
2522,1491.8217243487131
2523,736.4512560607467
2524,304.3676992289345
2525,111.4209309265926
2526,41.5299679024807
2527,26.53237749107462
2528,21.32109408246352
2529,23.1830099516552
2530,41.645556253176046
2531,71.85427784787542
2532,119.81398241466434
2533,221.60458389118955
2534,379.6090732039113
2535,537.7661265906189
2536,678.6391698864679
2537,955.3814920534828
2538,1519.3156943249817
2539,2167.6837512514767
2540,2496.5526802543523
2541,2695.007214221578
2542,3235.192173070705
2543,3892.0021441732615
2544,4107.736253389096
2545,3958.517029787906
2546,4159.552990481252
2547,4956.337853623796
2548,5408.440727063813
2549,4543.486373804879
2550,3428.986475549384
2551,3025.3936566841207
2552,2239.955483802115
2553,1091.2918927189337
2554,381.882017520134
2555,163.05623810274315
2556,207.35365747464613
2557,334.5009595238276
2558,501.1982337093023
2559,647.961771719649
2560,737.7933064894474
2561,664.734644217527
2562,465.1217061832408
2563,337.2313215346293
2564,352.4303570348034
2565,329.635782729142
2566,230.202831693593
2567,107.59385332317834
2568,215.01695551575287
2569,380.0805082280233
2570,483.50566455840726
2571,444.99571026760935
2572,339.99664988033817
2573,223.4085231588683
2574,105.35896992807886
2591,3.614439631462388
2592,7.759692911331015
2593,6.582597512659148
2594,4.515419117143652
2595,0.5899338019799969
2596,6.757348115061134
2597,13.869968461236224
2598,15.627775209632013
2599,11.02494124281281
2600,4.861166639557971
2601,0.2988641682199098
2624,149.73608599848052
2625,436.007690518256
2626,549.8198773627336
2627,713.2483103873886
2628,1084.651996983023
2629,1520.9208428975885
2630,1719.6009241527668
2631,1438.6932520519003
2632,921.9351061571974
2633,431.6881516097009
2634,160.9611407449993
2635,46.28122779869311
2636,28.75532048982581
2637,20.31099578600167
2638,17.25960916552813
2639,5.733517259146916
2640,34.43136209178273
2641,68.9745943656331
2642,142.9492855042641
2643,206.26106060614484
2644,245.58983832728543
2645,274.7925038248657
2646,432.1583578269558
2647,758.0861025847566
2648,1088.3771281083827
2649,1264.366531079437
2650,1482.6116403545018
2651,2064.7640301263013
2652,2850.153962687805
2653,3452.830893723106
2654,4043.530529034038
2655,5033.10501253531
2656,6191.03590198996
2657,6368.46998020792
2658,5087.637595066972
2659,4050.8480000852096
2660,3939.845007586656
2661,3201.0857005503226
2662,1757.2221559810432
2663,686.5170363605533
2664,216.5328581629717
2665,274.3141227446532
2666,583.7775014593174
2667,679.7944074815675
2668,657.130433262641
2669,598.6155897832077
2670,502.1523532747371
2671,343.7140868703363
2672,239.8116863282416
2673,238.0591204448777
2674,237.251579016566
2675,187.3426740013473
2676,131.69142769044092
2677,199.0812924006109
2678,345.2193268426755
2679,461.8176374077895
2680,455.85628241258826
2681,366.0883248279003
2682,239.3796275517146
2683,114.30049940634366
2684,38.019990074649634
2685,6.468403272237521
2699,7.251820182230878
2700,12.194858185524463
2701,14.465387523657276
2702,8.283301801669122
2703,3.759847758780914
2704,3.441592385633201
2705,4.086815494331925
2706,5.858611550043944
2707,8.230506951772071
2708,6.676739972829561
2709,4.163682858890614
2710,0.0
2711,0.0
2712,4.65544664695386
2713,7.622327379900622
2714,5.349422599177272
2715,4.900890123146856
2733,262.76426445656955
2734,527.7461396143414
2735,612.3174679157466
2736,604.4967802402432
2737,838.8457613492641
2738,1335.9813667631142
2739,1686.2161020666415
2740,1557.5253849102771
2741,1115.7997461965156
2742,643.0659435314781
2743,215.5871637876632
2744,70.71874505790295
2745,17.3025964985776
2746,22.356964189031626
2747,15.724404975899583
2748,12.815597863679375
2749,23.885738345690097
2750,59.36358202671479
2751,137.49860592285418
2752,188.60414132892885
2753,199.7678122575136
2754,201.6227090251373
2755,271.4690094978321
2756,415.84684883412194
2757,521.9140706542429
2758,560.3477578700681
2759,632.1629093625872
2760,947.72368222083
2761,1409.9752514227966
2762,1985.860079922825
2763,2903.2995594554604
2764,4277.104023208408
2765,5605.212949131402
2766,5787.906977813274
2767,4669.444131249484
2768,3862.242636721209
2769,3670.008274300634
2770,2919.827038408409
2771,1762.3845204329864
2772,893.0838747153349
2773,409.0823007281323
2774,607.1326967829067
2775,757.5281940465001
2776,735.3784145901163
2777,553.0305020105454
2778,325.8780258152798
2779,271.0431443464812
2780,188.33734947056865
2781,130.67008551309863
2782,126.31411143190437
2783,149.87879309890118
2784,159.6796880625066
2785,176.2278237011751
2786,246.04927104793367
2787,370.1098131706265
2788,444.6382006876934
2789,409.6970628750704
2790,315.57901561539313
2791,209.40102515936672
2792,111.16852225573815
2793,43.17964536682752
2794,10.024999091964045
2795,3.4249351849612104
2796,0.8486089439772135
2797,2.015741368082089
2798,0.5140678063879263
2799,0.6742715925132974
2800,0.0
2801,0.0
2806,0.9585936326013144
2807,4.602612355849022
2808,10.453611993416592
2809,18.58204595163737
2810,23.47296041976369
2811,22.15921133524919
2812,18.14580659859604
2813,13.418290667056144
2814,9.213245628065154
2815,2.8262980321115063
2816,7.607225302284771
2817,6.461370728595965
2818,3.782483902213402
2819,0.4641224943200529
2820,1.7463069822066366
2821,9.011717626152867
2822,14.262427217333428
2823,15.440256753013577
2824,11.47296504581416
2825,3.852884299047364
2839,0.0
2840,7.543585374940137
2841,69.52498415419217
2842,276.5391818461938
2843,597.4897942255684
2844,727.641531909216
2845,641.4739159969001
2846,695.8128082363017
2847,1033.0758425866802
2848,1348.6037207024474
2849,1327.8078495267553
2850,1038.6696280895785
2851,662.1166467051694
2852,280.9345975852996
2853,82.69397508478907
2854,41.82195984533714
2855,30.443700314331817
2856,32.543608682853055
2857,19.846450140162617
2858,50.41433484120765
2859,106.09147375176568
2860,205.39820066624048
2861,293.6045451339283
2862,329.0516237247173
2863,301.0440993850835
2864,320.28617921471414
2865,314.5216871770796
2866,283.24353791909465
2867,230.2548282279041
2868,211.22369904461368
2869,333.97935860729075
2870,505.8892883096474
2871,749.6080218043357
2872,1536.954340371142
2873,2528.2637887094697
2874,3412.147880818728
2875,3562.126916081964
2876,2966.563516110972
2877,2562.433991076701
2878,2337.6698609096893
2879,1668.4172096947625
2880,1045.761686228068
2881,767.4959291302896
2882,532.4953043046047
2883,761.8068951140261
2884,740.9148758310087
2885,575.3787956936626
2886,353.9318495401165
2887,192.8417327627735
2888,132.3213454338236
2889,101.0643588770243
2890,62.91516036143428
2891,67.56630962355125
2892,102.68541319269524
2893,152.38603385975134
2894,204.57612813985727
2895,274.8557536078254
2896,359.51832969439977
2897,378.80396475881264
2898,301.3308900807434
2899,225.6191483138853
2900,167.63001931006042
2901,111.6175504683009
2902,53.85620652332121
2903,15.62536491009919
2904,12.164814601421796
2905,11.215554165208806
2906,9.239625467440913
2907,6.277685339761362
2908,4.121697533757997
2909,3.0482897750096654
2910,2.927161571462189
2911,2.928111856509084
2912,2.373978212179833
2913,0.0
2914,1.3885342506885618
2915,1.294621116652833
2916,4.518816317639284
2917,10.585793477847774
2918,21.263587200367905
2919,30.48424439627556
2920,32.60609200418116
2921,29.349312501245564
2922,23.4762948214025
2923,16.777797053005376
2924,11.596081150052129
2925,8.77625160757999
2926,6.300858845233606
2927,3.951608268514499
2928,3.7043072746768098
2929,3.821528550053205
2930,11.659167967389056
2931,17.13850423089749
2932,18.37342260476771
2933,14.056482017485708
2934,3.407020612656578
2935,1.104874051639011
2936,0.2819890057836369
2948,10.160317654345288
2949,13.838745133157232
2950,32.5334887037612
2951,335.17726435876943
2952,794.69542257581
2953,1041.99359985039
2954,843.1055243814569
2955,615.1255692858589
2956,646.3468514187781
2957,803.3022722146287
2958,868.0765172319224
2959,778.2160856997964
2960,559.592529990034
2961,294.605924870406
2962,100.68481110144658
2963,52.430822538974745
2964,70.28947188851461
2965,108.99815856882611
2966,130.73200973706332
2967,149.2034035453045
2968,214.5959437865436
2969,355.8496982788393
2970,516.0707910877974
2971,600.8613459239931
2972,559.7820596384037
2973,445.5682795017432
2974,321.1442212568859
2975,212.1752373382197
2976,103.81588352479687
2977,80.90616345827593
2978,113.35414286560288
2979,155.9854669927539
2980,275.7529357413038
2981,677.6585308429877
2982,1131.2564902380327
2983,1482.402966834097
2984,1538.7081641551608
2985,1324.2144534785407
2986,1152.2010392503184
2987,973.6725078103073
2988,600.1557421670481
2989,372.8344918820885
2990,394.2799429399458
2991,507.1009376455516
2992,589.4415342027015
2993,484.6360514119001
2994,302.3927323844689
2995,169.799481622378
2996,105.8249957020807
2997,95.58422146639369
2998,80.974093702739
2999,34.9287553272958
3000,42.49574622353036
3001,71.2277608755695
3002,119.90493621913728
3003,172.64523990477528
3004,227.54169576150136
3005,278.260472898188
3006,269.3416466487139
3007,202.6240636554529
3008,152.28118881272098
3009,138.7944549696832
3010,111.918965084041
3011,65.13344693025404
3012,26.31635731780518
3013,22.566593493884827
3014,20.73178467069325
3015,17.88403086145944
3016,10.324569048837148
3017,9.083074721810672
3018,6.745592633726885
3019,5.147964789725847
3020,9.342642105680913
3021,11.834413614554082
3022,11.03710804269803
3023,7.719403819007389
3024,3.374835349125339
3025,5.103483462590365
3026,1.7374017183897543
3027,19.305632583094884
3028,31.14301662346288
3029,35.34940992483268
3030,32.14509632396031
3031,25.75723704594104
3032,20.831727323717853
3033,14.845876400880528
3034,9.75234934966292
3035,5.937559277988387
3036,2.0682766950437057
3037,4.168975685783741
3038,6.858959375323589
3039,10.895558191628044
3040,13.153888771898394
3041,15.344129762206697
3042,13.07157597269586
3043,8.260808601253197
3044,5.051551062619207
3045,1.245723904706324
3056,19.83589271485169
3057,26.16835798690668
3058,26.1966558841758
3059,85.46137231259075
3060,447.0878391598521
3061,1092.7240875024272
3062,1456.3973363384034
3063,1113.9850564534145
3064,608.9288037559282
3065,376.8293256159101
3066,376.3719926053152
3067,466.86016461384526
3068,526.421554893285
3069,446.87548416839496
3070,241.5820740443663
3071,109.00595010273472
3072,89.39297639782701
3073,168.93409542131138
3074,279.6537015520383
3075,343.7422803177949
3076,370.59319561282416
3077,452.6757615822255
3078,649.9174075743749
3079,904.4735614973602
3080,1021.7705981592824
3081,884.2185774609196
3082,619.3042588683999
3083,408.4923746821799
3084,273.3498150515377
3085,167.100270240767
3086,101.23026015733774
3087,76.17979463460996
3088,83.67102842272
3089,112.5966337800742
3090,282.22581005653086
3091,440.6171800070879
3092,532.2708220310026
3093,549.0618121524059
3094,506.04856120074606
3095,427.7557263341031
3096,301.98566802634656
3097,156.5083954346467
3098,95.39078640161875
3099,127.30508141504292
3100,211.138748543107
3101,268.4410866884055
3102,199.20252890421744
3103,64.37869613683618
3104,65.4852738735505
3105,66.17185539407927
3106,81.62049629656183
3107,72.20008569981744
3108,41.248340140799286
3109,28.073220097783526
3110,40.92354819103742
3111,69.70398394193546
3112,106.97019426300494
3113,159.0553516925474
3114,206.6896502645016
3115,208.91528267533704
3116,170.6754487079485
3117,146.84238851296084
3118,139.37545103257446
3119,118.37730243176904
3120,75.16090618232076
3121,44.56272301199306
3122,31.96287438112318
3123,27.69417090832707
3124,24.918571076748904
3125,21.09462530665724
3126,14.340998974574438
3127,12.998069651402254
3128,13.840215010595385
3129,17.13023278883835
3130,23.693780010282897
3131,26.54297887049904
3132,23.857630708869248
3133,16.99280370891232
3134,9.754006333456058
3135,4.332890004449926
3136,16.616692936829295
3137,27.359808977830344
3138,30.448690128560862
3139,25.84591424757348
3140,17.150066533520743
3141,14.914622922546926
3142,11.701723494606618
3143,7.155926775918604
3144,3.968334555731502
3145,2.02057820900443
3146,2.0134404793058582
3147,3.5897868610612043
3148,7.690947262143406
3149,9.453163080864613
3150,10.182924258282092
3151,10.123827722961968
3152,8.847023994868414
3153,6.006894474276495
3154,1.0666143979080664
3164,26.47077004816138
3165,41.53800588561156
3166,47.14431399843719
3167,51.432580837474745
3168,131.88797139056985
3169,493.2416270345609
3170,1191.49341239505
3171,1615.76894485449
3172,1250.062597222168
3173,622.5123571060618
3174,263.1843637456294
3175,174.973188478524
3176,252.83123103033608
3177,383.6252156619431
3178,392.88795235621166
3179,263.9631762231562
3180,144.72798021815575
3181,140.2097334722575
3182,277.2001418128462
3183,478.4246859603407
3184,626.1031861782245
3185,713.4423046460005
3186,830.8926457813925
3187,1071.4741818746768
3188,1366.273725402012
3189,1442.672699811431
3190,1217.3467914431478
3191,938.8546736812676
3192,825.6639905998076
3193,725.4490589107178
3194,500.7229329308456
3195,284.1489904535278
3196,140.86149991807113
3197,70.69082556328269
3198,68.57114983564215
3199,110.91649672109848
3200,156.7934094185791
3201,181.9859737599068
3202,200.54314841842216
3203,209.4026318608643
3204,181.67677182074547
3205,114.00058980327906
3206,54.29940762519035
3207,31.972375002878
3208,38.27242960650523
3209,64.17436558018417
3210,81.19727826542685
3211,55.7388608772392
3212,27.66215855078672
3213,26.13894946264377
3214,44.156484622690506
3215,61.80660546817644
3216,53.36562152032911
3217,28.95700650110682
3218,16.381237347024552
3219,19.1468929840374
3220,32.11198768014012
3221,60.419645177062826
3222,112.45954274898186
3223,169.18943886165616
3224,194.68665272786984
3225,203.0005659627469
3226,208.55573189499376
3227,185.7013141552287
3228,131.52503077572345
3229,79.95682335433736
3230,47.10634565051122
3231,35.16668431875121
3232,22.7779200806536
3233,25.21589857294912
3234,23.872799348455192
3235,21.369957996219537
3236,21.601842158929514
3237,23.34068819543425
3238,24.76085502086213
3239,32.28575826105819
3240,38.653466038007565
3241,40.40061476826067
3242,32.13541469269347
3243,18.65957595399601
3244,8.532377147501876
3245,17.020577423866566
3246,23.9307048808208
3247,23.67307496119264
3248,17.31502641981989
3249,9.719009321503552
3250,6.369468412573386
3251,7.615173166538911
3252,2.638423064549152
3253,2.6138155971623287
3254,3.5239169111255566
3255,2.458413744568297
3256,3.446493111612775
3257,3.782185411630972
3258,4.920089397691225
3259,5.648230560095576
3260,5.841625475537892
3261,6.671218779435773
3262,5.145427002401054
3263,2.601414558339089
3264,0.0
3273,40.75757129088601
3274,53.29274476660276
3275,59.64911852475839
3276,69.53251460920815
3277,85.39524476929324
3278,481.01220748382485
3279,1151.377568904827
3280,1691.1452085496612
3281,1454.3096962063228
3282,771.3303796927131
3283,301.0870647493204
3284,139.3499338954514
3285,184.84056615570137
3286,330.051011182382
3287,383.44359365103486
3288,286.37388342339807
3289,170.30954411336637
3290,152.38352642689424
3291,302.3969094732215
3292,562.3906604888895
3293,826.6701946777165
3294,1053.256790233511
3295,1283.928531937977
3296,1484.190209584364
3297,1574.1313346662917
3298,1489.3065301107738
3299,1328.78183893981
3300,1395.631704493147
3301,1670.5035754053142
3302,1673.6480573829829
3303,1221.084518189673
3304,666.8711139664998
3305,270.8371812263085
3306,49.30634433846637
3307,9.490774017102614
3308,27.265949649373155
3309,50.1388279472172
3310,102.1925469389446
3311,137.5794161069038
3312,145.94719009422263
3313,121.87147837151242
3314,74.31045883498287
3315,35.867556708257574
3316,19.32781707484473
3317,19.993894772086623
3318,28.5212700955968
3319,28.596915690805883
3320,17.15335386784993
3321,10.970711259895804
3322,14.604646702210507
3323,33.54151941900527
3324,43.4071738902972
3325,34.293534051643874
3326,17.437373239433082
3327,8.601313172450599
3328,8.1706012584692
3329,11.496832578362747
3330,31.734427976728355
3331,73.37084311731235
3332,123.80933474429834
3333,160.65431380058715
3334,194.55354173195047
3335,214.16879959784723
3336,184.6316109598833
3337,121.68456837069704
3338,70.04313624141257
3339,42.63877473006927
3340,30.316253961291345
3341,23.63246378100186
3342,19.999201295681743
3343,20.3314405641375
3344,23.589029113110925
3345,28.742424492269866
3346,33.61231314464751
3347,35.28626593913545
3348,34.97011461230856
3349,40.14752084664171
3350,47.55761779353695
3351,40.72816297479123
3352,24.04495796796937
3353,17.972802065073758
3354,19.34030626172941
3355,21.569420904015583
3356,17.762553095120506
3357,10.72058559495782
3358,2.428320546817088
3359,1.0104313185919844
3360,6.868612550517059
3361,8.337699676354317
3362,7.30988988187878
3363,4.683449716838657
3364,2.936148704828337
3365,2.177898177245401
3366,1.8579296209427447
3367,1.93905844799148
3368,0.0
3369,3.3133443899410824
3370,2.3994317973162054
3371,3.2209452946501824
3372,1.8729754812412225
3373,0.3530079307184791
3381,61.072632548297
3382,64.656778360155
3383,66.39965238430932
3384,68.20286287708385
3385,102.09568485464304
3386,181.5348014374068
3387,531.6275362462507
3388,1203.4349930986066
3389,1879.7580551398817
3390,1759.4583747578963
3391,1006.8681025075653
3392,412.15832142927394
3393,163.47010726406563
3394,153.93056363388925
3395,277.35895297096664
3396,352.77720842068754
3397,298.3397716228477
3398,184.3124599953641
3399,135.8244433645708
3400,237.33789860590088
3401,481.5256401438307
3402,830.1173701629579
3403,1220.6221926765963
3404,1558.5331264195854
3405,1634.3864913799518
3406,1413.715795000948
3407,1126.5005237500566
3408,1110.5151815390766
3409,1620.7521132953118
3410,2319.447390912828
3411,2498.661146627195
3412,1977.9547727519368
3413,1145.1083594550437
3414,461.5680146255195
3415,87.63502900305063
3416,65.25562900528246
3417,85.2503588495755
3418,119.80533120697324
3419,170.387258864235
3420,243.565701828143
3421,244.1029853837697
3422,191.8795757108245
3423,107.5591516576444
3424,48.36540939128712
3425,27.661379626889367
3426,34.15651819836926
3427,47.236183995511
3428,34.85829986417753
3429,16.88095197669318
3430,8.245379353143392
3431,18.73013638165566
3432,35.38640732168243
3433,37.824006166503
3434,28.330931360037305
3435,14.718778454053716
3436,6.563944171040883
3437,4.56094729199445
3438,6.161062237948937
3439,15.15784624730204
3440,37.2460746277637
3441,66.7233446891598
3442,95.56597104118046
3443,128.19403207583477
3444,147.47444384408527
3445,124.39016285271012
3446,79.35356720901036
3447,44.68142094210289
3448,26.90901396950344
3449,19.51038166277865
3450,16.158567035981825
3451,13.842057376097934
3452,14.10681426904866
3453,18.020023473398144
3454,29.348908238384915
3455,39.96999597545403
3456,43.649248805729016
3457,41.42414782130293
3458,38.05480043012767
3459,42.66369640461183
3460,36.53365429991606
3461,25.896415862244247
3462,19.21853891123865
3463,18.10761672520608
3464,17.318151457382253
3465,10.388332287739388
3466,6.665143926805871
3467,1.6072283176633189
3468,0.0
3469,4.349093281245178
3470,6.959553246663601
3471,7.136521480954179
3472,0.0
3473,1.5753968058751997
3474,0.0
3475,0.0
3476,0.0
3477,0.0799983530938628
3478,0.6604439995384882
3479,1.3093969220238684
3480,1.224079226621538
3481,0.3906649177679226
3490,140.4305790690821
3491,120.42172093361916
3492,91.63789159179034
3493,90.21717412677252
3494,211.2268197900192
3495,420.4328500440959
3496,785.0839733235756
3497,1513.6167868787882
3498,2244.1846242433235
3499,2089.6491989027286
3500,1228.087230035494
3501,522.5503272957727
3502,196.6959091081289
3503,121.53735770099289
3504,188.972492815574
3505,268.39847901939874
3506,259.10966080282947
3507,176.2061674556451
3508,114.26686159136698
3509,160.16093008717408
3510,342.7442291953722
3511,678.7478409566648
3512,1143.9820115808077
3513,1532.5693397696707
3514,1516.10074393334
3515,1107.190993468738
3516,760.1446812536312
3517,805.9268743797729
3518,1338.0052184012293
3519,2094.9079482480147
3520,2466.7699318036584
3521,2153.1938793859263
3522,1379.367170219011
3523,637.6591596046305
3524,234.66141289931264
3525,127.5985160877985
3526,169.97035417477582
3527,279.7387115455242
3528,398.64145465900685
3529,493.7900264267906
3530,491.73065434442776
3531,383.9098550403364
3532,230.03687378490832
3533,117.04243069102756
3534,63.75010538832631
3535,87.170735147324
3536,120.645119426742
3537,84.30637530378173
3538,11.256670689222045
3539,26.22930605904532
3540,50.44400646920998
3541,63.76255038149863
3542,67.01961157974273
3543,55.120061007945765
3544,31.607622604727386
3545,4.409688330041655
3546,5.3459584334123855
3547,2.067711236028643
3548,4.616731866100379
3549,13.965967618005427
3550,26.677606754905224
3551,31.129804828686822
3552,66.57058096065056
3553,80.50416959877556
3554,66.55312683777026
3555,40.394732184674496
3556,13.56052007299221
3557,12.336041313247645
3558,9.498557995395757
3559,9.444180625195564
3560,9.402358708115084
3561,9.460876658395769
3562,12.750188009419066
3563,23.246469656953806
3564,38.45756021938746
3565,49.917697421498985
3566,53.13186981894892
3567,44.89473004857251
3568,35.30219105290174
3569,26.40124688354893
3570,19.320962220775897
3571,14.874385432722944
3572,10.539696091403073
3573,10.5274275707654
3574,7.3512718697744015
3575,2.685519816684151
3576,0.0
3577,1.082316614609393
3578,1.9478814272299576
3579,3.371106201096522
3580,3.714121435093487
3581,2.224896983838876
3582,0.0
3583,0.0
3589,0.5315303420079522
3590,0.3403506233342913
3598,239.32378215208013
3599,254.49712539359007
3600,245.2592995452334
3601,181.9180861131492
3602,214.3235621988963
3603,419.82011351681206
3604,740.9924385513306
3605,1178.2659811921185
3606,1957.137541099729
3607,2639.772185637471
3608,2370.0204513784533
3609,1423.658154335565
3610,644.3254883050265
3611,219.3661570411994
3612,88.42399834297345
3613,117.12846604864528
3614,170.20000443930587
3615,186.7186152924698
3616,145.71268122548273
3617,99.4607918998734
3618,122.707015342878
3619,243.50147949488093
3620,487.09485641081307
3621,869.9512382956484
3622,1213.4061589579708
3623,1201.9670374221753
3624,851.5463926770633
3625,613.9881706654265
3626,635.7578188773061
3627,808.2535494220148
3628,1202.4191807609448
3629,1565.557078885866
3630,1475.871930897496
3631,1028.0322449221696
3632,592.7716511610805
3633,295.26960077778733
3634,185.54750323476264
3635,257.3756727393392
3636,438.8787176298458
3637,654.349912159303
3638,818.4018840786159
3639,840.4332328264372
3640,684.3238242293756
3641,431.69063188427
3642,217.39409461051173
3643,81.56492967046734
3644,158.66743252920205
3645,218.3891913923268
3646,168.57096879689405
3647,105.29365239037796
3649,114.08015041097768
3650,139.45968938592836
3651,148.60921478998614
3652,130.42560635526297
3653,67.65042836449628
3654,30.06984306298116
3655,10.466417784814476
3656,0.0
3657,0.0
3658,0.0
3659,11.161093055431856
3660,21.87385042226481
3661,35.71434139331194
3662,45.20555253614098
3663,40.72923986402831
3664,19.63388017213528
3665,5.897952208689839
3666,1.307392650288861
3667,5.362314736266064
3668,1.884714890549119
3669,16.598195958259456
3670,17.200475037909182
3671,1.2504736280988085
3672,17.032701563982428
3673,31.814647755073405
3674,51.41396397516522
3675,64.84882359256362
3676,62.22314331441141
3677,42.86638111652548
3678,30.644329549029468
3679,20.81488921221516
3680,6.534036872929391
3681,5.389532869181518
3682,2.896302800499376
3683,3.1458119330008203
3684,0.0
3685,0.0
3686,0.0
3687,0.6293832137930432
3688,0.9554935609063862
3689,0.0
3690,0.0
3691,0.0
3707,472.1173550351891
3708,464.7085222097688
3709,371.06567230666246
3710,310.1091710857248
3711,360.13972482317223
3712,542.9526685648757
3713,819.8887571430568
3714,1245.8946243012638
3715,1973.8121388788247
3716,2540.824889699932
3717,2278.369360081607
3718,1491.7599260969805
3719,797.5497067448434
3720,365.9358927147552
3721,159.30826350930275
3722,112.35924172169752
3723,128.30461737985038
3724,140.27734388271995
3725,148.97007921711014
3726,131.13456699255264
3727,139.15713832658523
3728,194.8564915596661
3729,315.44099492442416
3730,533.6327196994719
3731,754.9708087778027
3732,780.7287166208868
3733,612.6889147797004
3734,549.1599476783721
3735,594.5123924299621
3736,524.1158143822961
3737,506.9635862976524
3738,611.5167940864756
3739,601.7378118365157
3740,488.6396156971416
3741,388.5603095117789
3742,250.89326161160983
3743,184.9905699392896
3744,290.6631717526424
3745,526.8831141470247
3746,819.6147490145648
3747,1075.6121838737668
3748,1155.123423950753
3749,975.1006981072068
3750,632.7419169004738
3751,334.3716094440506
3752,112.7692648520376
3753,206.9586588719261
3754,274.3824024207915
3755,265.46546576462634
3756,219.5196813406688
3758,195.8352313050308
3759,231.4619132020776
3760,257.48045313539046
3761,217.74429868938176
3762,124.22511254676007
3763,51.10055154955278
3764,19.128842463257847
3765,7.12063109267265
3766,0.6025963756442426
3767,0.0
3768,3.759117482506068
3769,21.20226802829331
3770,27.63613100702157
3771,31.8805480982453
3772,33.87041751838114
3773,25.89665279639664
3774,5.088947154874158
3775,4.676490771327531
3776,12.08985656097729
3777,34.98362655788143
3778,63.33536783945993
3779,62.21048392338455
3780,33.70801218203776
3781,17.320358800337512
3782,24.56764694744425
3783,44.259004407359576
3784,61.27532104743611
3785,63.57091218667762
3786,55.34261454481123
3787,42.84626460478918
3788,26.919759045405456
3789,10.886662426478866
3792,0.2141036082165823
3796,0.0
3797,0.0
3816,489.3077133330103
3817,486.4561621725739
3818,445.60727584735554
3819,471.8299929207948
3820,501.2128208025033
3821,477.7195825578961
3822,532.2883227613672
3823,817.6195439691584
3824,1369.1705703779448
3825,1821.5027635280867
3826,1775.664278405371
3827,1417.2105646054783
3828,992.9781972996534
3829,596.1501098144228
3830,334.8666500209929
3831,218.20982662351
3832,192.1881720086532
3833,219.40991403362185
3834,249.22511640683967
3835,244.8984278000712
3836,213.4070747102638
3837,184.84740813323864
3838,191.1525342581457
3839,266.6530021589638
3840,371.64989634993407
3841,409.5929011640942
3842,380.8537007297194
3843,438.969718248581
3844,536.6478068546764
3845,445.69239341543766
3846,257.25410260960905
3847,168.2537194871064
3848,161.86283345975812
3849,190.14766114511423
3850,200.98605891493503
3851,145.37315133559488
3852,134.08563269285452
3853,262.225059523816
3854,510.7219330802572
3855,810.051323918691
3856,1077.7364962749982
3857,1184.9823576110475
3858,1043.554695826545
3859,736.3616403451756
3860,461.9308038375606
3861,314.53541507368226
3862,272.91476394325986
3863,315.7945429113954
3864,355.61571672116634
3865,321.13963379389133
3868,247.86941097252185
3869,284.49053981376176
3870,246.15380108127013
3871,147.19287322206694
3872,68.68717387034519
3873,32.301492180796416
3874,15.56326149166084
3875,0.848247385124036
3876,12.725109432793706
3877,21.90397052734004
3878,28.47510114947013
3879,28.35937551065132
3880,27.549192440451247
3881,30.58636267575605
3882,27.238335644022666
3883,17.623735349736066
3884,13.630104904833525
3885,31.994921180601555
3886,85.50309195805828
3887,137.03958801087308
3888,121.15310270192184
3889,57.930739110325504
3890,19.34687836948423
3891,16.93216348434453
3892,28.999955501712
3893,41.24628591867936
3894,48.12772096863474
3895,50.74671249497431
3896,45.84497774665142
3897,28.54792166437086
3898,15.909500575072595
3899,6.8372633447351046
3925,354.0434848732647
3926,357.44224682499487
3927,398.6463892702316
3928,535.2923664564072
3929,578.7435026728086
3930,416.5490773366479
3931,291.89746773519045
3932,396.5194910105584
3933,696.0880575686064
3934,981.479885771054
3935,1220.8476306080242
3936,1298.898888849649
3937,1158.2676634376023
3938,847.4986300152208
3939,555.9679734599653
3940,366.8432170842307
3941,316.5536892140403
3942,361.8906630057309
3943,412.43670983947146
3944,396.508545511709
3945,304.485211242213
3946,190.47300125665456
3947,119.09599375897676
3948,116.46350469153109
3949,153.06355121905506
3950,179.4856580329212
3951,193.2346551167705
3952,261.8544801513918
3953,340.20224836825525
3954,279.5307191713198
3955,135.44535701799833
3956,0.0
3957,58.26151891945012
3958,100.33441285012717
3959,105.91930827055818
3960,72.35900905741336
3961,73.0390566246792
3962,196.67926666459303
3963,391.92465284652513
3964,603.7145280251555
3965,779.2031373230617
3966,860.7054028721408
3967,797.446635775046
3968,652.4018256122772
3969,529.9868589194733
3970,421.5096037005868
3971,319.4373668865548
3972,305.9082819259666
3973,334.7466121695906
3974,215.2723146870552
3978,227.41510538513307
3979,215.41260506172023
3980,145.4354405297196
3981,84.37586634915519
3982,57.26824218012328
3983,40.76742720641913
3984,28.11244888525024
3985,25.92651170517957
3986,27.67304834013425
3987,26.09562366706393
3988,21.54069177356285
3989,19.505536537152068
3990,21.767440549884267
3991,21.526593274980115
3992,18.02691788136471
3993,18.545630945025376
3994,44.74499070675928
3995,107.92615849125656
3996,151.53313760649922
3997,115.81776800961192
3998,48.43238542338175
3999,13.6704983301797
4000,9.149730982943971
4001,14.180020114208764
4002,20.53077762776621
4003,28.17774285899641
4004,36.08745854132528
4005,37.13628859787446
4006,29.623401127494468
4007,18.764965742619307
4008,9.622586685545684
4009,2.907139274346349
4033,179.85581979810436
4034,202.18561959629943
4035,199.47289648888827
4036,243.8639997691802
4037,393.6511910088367
4038,517.5504526996245
4039,431.36588995741687
4040,254.5264720776593
4041,210.3603386999531
4042,311.94790764606535
4043,500.6019117078915
4044,788.8714612182414
4045,1065.2790611323671
4046,1104.4725187438653
4047,892.9066154925055
4048,605.9476658004123
4049,402.4530021935592
4050,371.6864890052068
4051,452.65543108151047
4052,507.1404652903998
4053,461.8074154019101
4054,330.75216462735415
4055,180.6956183858796
4056,81.94872298616201
4057,50.07763598146707
4058,53.90960045033084
4059,67.45429065608342
4060,77.55820971346803
4061,107.0024865797537
4062,134.52016886607612
4063,104.55297644069874
4064,48.83327280107682
4065,21.59956493765652
4066,38.92933222300477
4067,81.52412324798277
4068,90.90470237717471
4069,60.44850110401532
4070,34.160133759577555
4071,122.39714463417768
4072,226.18455201353908
4073,328.4952262398852
4074,409.6890635721947
4075,456.3700071834482
4076,449.9756289726374
4077,436.41642408353846
4078,428.54809387841215
4079,348.2332626569448
4080,233.075104158014
4081,96.62894043848496
4087,148.73270359832986
4088,164.45600800652656
4089,127.41329188331164
4090,94.5591688548944
4091,101.05567148194604
4092,106.91373387271308
4093,80.5091491441991
4094,50.72345807376726
4095,30.256366954128143
4096,16.801764961787132
4097,5.918382096834796
4098,2.3151128543632
4099,9.983124644435552
4100,11.247710715648903
4101,11.706648328620336
4102,13.689349542349312
4103,30.253212750335766
4104,69.14770038115445
4105,91.29635216559008
4106,61.53928351285782
4107,21.94295897561652
4108,5.62895621504212
4109,0.5174981007203894
4110,5.439391675938105
4111,8.427676021425132
4112,11.680976672605556
4113,19.653894359764056
4114,22.563907961426025
4115,20.48658934789741
4116,14.681018511523872
4117,8.235727070637276
4118,2.909697012029481
4142,108.73842202062848
4143,106.16858603535204
4144,96.758634842532
4145,118.25513891395276
4146,198.17386287978832
4147,456.4344051995234
4148,471.22679591627445
4149,274.0109692814406
4150,22.10856176373109
4151,161.25594240906958
4152,271.98581888161806
4153,489.3338998909535
4154,754.1811789741315
4155,862.0275146053398
4156,714.255057443225
4157,435.7128376126795
4158,285.5739342878685
4159,306.47945231009777
4160,410.4152327265027
4161,453.44588536828616
4162,387.061787304077
4163,261.5383852056864
4164,138.0059451806151
4165,53.78444030445874
4166,22.69917686879244
4167,15.755911865397376
4168,26.07727851342941
4169,33.61008512043676
4170,43.96522260835722
4171,49.493956866956765
4172,37.12960843983109
4173,18.555377866012265
4174,10.29697856739763
4175,0.2302084901649733
4176,70.09329729844828
4177,101.89495474396448
4178,80.27750984542094
4179,59.13374756968948
4180,74.41572832035708
4181,103.91335003041
4182,134.38082782156226
4183,169.47187176499625
4184,199.67246238358769
4185,208.6262201909152
4186,218.59505836009504
4187,223.33193539854648
4188,173.7838315949062
4189,40.13350382398822
4196,84.29336505526533
4197,114.85828002661712
4198,102.00318879692956
4199,109.3194810713683
4200,191.62939613631607
4201,265.85455985741885
4202,217.4685603151236
4203,117.4017410736954
4204,48.82099665564858
4205,0.4317138084752757
4206,5.22438954184891
4207,0.0
4208,0.5602067834219453
4209,5.882540632879527
4210,7.190602667542572
4211,7.531018928002727
4212,11.19923690407969
4213,22.9457529974738
4214,30.255965636060434
4215,19.28642743433021
4216,6.210012378681005
4217,0.0
4218,0.1820117454970528
4219,1.101730943299866
4220,0.8018665720536855
4221,6.410500370111822
4222,9.117564707625922
4223,10.822226945507074
4224,10.6302344138361
4225,6.078227933872326
4251,71.55072980375236
4252,63.0961555092065
4253,44.75539718224639
4254,73.11878842787165
4255,230.55936726066275
4256,472.2665412472376
4257,491.8862440035579
4258,272.4518195587131
4259,130.7752591058737
4260,148.86315385148282
4261,222.188308240904
4262,352.0012628417051
4263,547.4488310064801
4264,624.1100402716817
4265,475.16919841315183
4266,250.13435143955064
4267,157.44347273119052
4268,201.71972685766045
4269,289.2329072763467
4270,308.0588589864898
4271,246.9496735394466
4272,161.69672060670842
4273,89.18506783904
4274,39.04715742613013
4275,22.993842817879425
4276,15.763329859495206
4277,11.289967036736655
4278,43.66822068892597
4279,39.50264103049944
4280,52.30099147635183
4281,35.345159959213
4282,16.156411581727642
4283,1.8382118950308228
4284,0.0
4285,49.64206783616544
4286,86.58606982206933
4287,81.54339925038957
4288,60.397686772943885
4289,52.900367601452025
4290,48.088543874243086
4291,40.56745645678115
4292,52.51612945962163
4293,85.80626197897884
4294,90.02463996241305
4295,86.02084076120367
4296,79.24143483242196
4297,32.053922068317284
4298,18.62698616653791
4305,53.28563150342048
4306,86.47346549502052
4307,79.84696152503831
4308,99.26403977390954
4309,376.3624025234112
4310,546.4098173718681
4311,467.4664688194809
4312,246.70382106767167
4313,92.93934000640608
4314,29.8208873018693
4315,9.52767783126755
4316,0.0
4317,6.049812990798245
4318,6.667159664923033
4319,6.87155254800909
4320,5.372805845123411
4321,3.693094983756847
4322,0.0
4323,0.0
4324,0.0
4325,0.0
4326,0.0
4327,0.0
4328,0.0
4329,0.6646611325975782
4330,3.816278908817795
4331,0.1612334711733708
4332,1.5892282574203085
4333,1.485852732466437
4360,55.08626924019038
4361,45.60167414462603
4362,26.70522594801333
4363,6.342311970910907
4364,243.1736975486141
4365,516.9582329397224
4366,543.221001205652
4367,292.874766660895
4368,137.54142947056692
4369,165.9292809895034
4370,223.67075526661185
4371,298.25656539837894
4372,433.7119375944147
4373,455.2664916072715
4374,293.4651287889276
4375,116.44335029524686
4376,63.976137924245776
4377,121.5292766796211
4378,174.9359125161223
4379,170.25239625919173
4380,118.01760097008292
4381,79.90955478060732
4382,60.22346632352331
4383,42.00719742852893
4384,44.72325456040517
4385,51.18806142217903
4386,57.12513100954425
4387,97.02756647723086
4388,100.61450070029852
4389,79.60423075991454
4390,45.76192183641408
4391,18.671214984002333
4392,2.3347436393600374
4393,0.0
4394,27.7756623563724
4395,48.63215066087226
4396,50.08194713986727
4397,39.36610405293992
4398,30.12150136194144
4399,22.168776008683377
4400,19.81667728196481
4401,28.34602066044185
4402,38.89020132896631
4403,38.485240252013135
4404,24.0366580330566
4415,82.73756971617249
4416,120.5568798170014
4417,240.11410277263107
4418,483.39002704846496
4419,670.5448979790648
4420,576.0748461527346
4421,302.067176607574
4422,115.13824457954492
4423,46.246926573816886
4424,21.767585448980466
4425,13.62750432624498
4426,10.530277091657869
4427,7.525912553639377
4428,5.587786413045507
4429,3.845141648218112
4430,1.8944420140041145
4431,0.0
4432,0.0
4433,1.4977164885352383
4434,0.0
4435,3.197166499305644
4436,3.526195454108348
4437,2.9187185134077778
4438,2.3686973522476618
4439,2.201845832842276
4440,1.616701875359575
4469,49.86927682484253
4470,38.781229290886834
4471,23.654734515946885
4472,63.92268655233644
4473,237.04062772186327
4474,495.4994361289988
4475,517.5305046631142
4476,268.06196589415003
4477,0.0
4478,115.68339207512712
4479,166.17740863033404
4480,246.29175581432835
4481,373.6922121439529
4482,372.5222336985455
4483,210.46182326613408
4484,63.62310748012673
4485,43.3735161822411
4486,90.08014489681784
4487,115.47615895147732
4488,93.08216675232968
4489,51.6698865711057
4490,42.189743751010425
4491,49.68691902528026
4492,63.97542577435438
4493,77.19458076568048
4494,94.67542617826736
4495,126.55189561334
4496,149.8234776809786
4497,133.7855598437191
4498,88.72779098365899
4499,45.634231541629376
4500,18.660317216715782
4501,0.5329799201633786
4502,3.309911901460806
4503,14.380076307241914
4504,21.009099247574245
4505,20.994802270484268
4506,16.88633232478775
4507,12.282181099764305
4508,10.268052600182084
4509,10.780658594301087
4510,20.467486304172123
4511,24.56921010770429
4524,80.77047095717604
4525,107.86401967895212
4526,174.5507739807466
4527,302.1993970427851
4528,392.7414117358077
4529,331.3982941463068
4530,175.91031135096077
4531,77.93492199111012
4532,47.28503954377364
4533,32.341534624615505
4534,20.408383009467222
4535,11.518225105846549
4536,5.579488830707247
4537,3.052120652589027
4538,2.188521872084232
4539,1.2631076676111277
4540,0.0
4541,0.0
4542,2.137290514924856
4543,4.521078806903983
4544,7.464922069387309
4545,8.42603474128119
4546,5.8161581958075095
4547,0.0
4548,0.0
4549,0.0
4578,44.67161963153243
4579,35.49840566970645
4580,27.74076099678388
4581,53.18201917935521
4582,159.43355549345517
4583,305.32738880470345
4584,309.4589103492939
4585,94.9738960369242
4586,4.500247728764169
4587,88.59920862449312
4588,151.72959539669236
4589,249.9939126712555
4590,376.7833164435992
4591,362.8784775766578
4592,198.72455039621903
4593,80.84724923992682
4594,74.22646443595752
4595,117.7390591440346
4596,125.3959672376775
4597,54.13405522454538
4598,29.40792611307815
4599,19.23725887685505
4600,38.81164666992044
4601,61.26308001920832
4602,80.24028060448242
4603,102.7235975626497
4604,136.6347280721254
4605,152.1057550621884
4606,122.38224018918258
4607,70.67469371522641
4608,33.96681903626388
4609,15.21063643144893
4610,6.353234223396148
4611,5.066487334509595
4612,7.499818487414448
4613,9.273121861788214
4614,8.843363052336118
4615,7.055551514468793
4616,5.5818791890053205
4617,3.578544142895146
4618,9.623898988440278
4619,22.880030441277423
4620,24.624601005103003
4634,69.90034733230786
4635,71.97722111168068
4636,92.45111870812347
4637,107.64681323495418
4638,87.01110036916849
4639,48.71033762712077
4640,30.5325579806536
4641,30.134445915071485
4642,27.19563359060665
4643,17.30591518149233
4644,8.015694477584082
4645,0.0
4646,0.0
4647,1.7974391209548377
4648,1.358829218241285
4649,0.0
4650,0.0
4651,0.0
4652,5.908402147966182
4653,12.19899484698856
4654,15.588621354553304
4655,11.273409650339
4656,5.959903950186567
4657,0.9311715922076126
4658,0.1625272938397774
4659,0.0
4688,36.83221904660934
4689,27.48136627707368
4690,50.0423868060705
4691,94.92585143740722
4692,146.58744609334258
4693,144.25868017049925
4694,94.74150083452656
4695,100.68326584518375
4696,216.32806174270755
4697,342.68695850598647
4698,378.22595047505325
4699,390.8092710660012
4700,327.622018255136
4701,178.531991124822
4702,88.16110837059142
4703,108.89757042220836
4704,172.243951226427
4705,168.9256505210782
4706,94.7488167656374
4707,35.568245805190365
4708,15.185858399013052
4709,23.85578158989335
4710,38.1531966709194
4711,38.26422308643353
4712,64.05016228115713
4713,116.81538264450884
4714,129.6659992654498
4715,98.79762416003192
4716,53.20895014556861
4717,25.30045934423824
4718,12.931173199416232
4719,4.247510658987051
4720,4.357954709068402
4721,2.671449220561706
4722,0.8140615586196417
4723,5.549669447068892
4724,1.555604495277103
4725,0.9246534361314211
4726,3.373438048296502
4727,10.923584281374112
4728,21.44606253184229
4729,21.608661615889265
4742,55.28342161084919
4743,39.748191519700775
4744,23.600444854268403
4745,18.530969850312378
4746,18.2074367470407
4747,14.592358371980806
4748,4.494210124460078
4749,9.58571222235308
4750,12.816099805600803
4751,13.41743462201614
4752,8.990571246316682
4753,0.0
4754,0.6518856548825339
4755,1.4336883766480424
4756,4.210222503858661
4757,3.004433858675807
4758,1.7916266941580656
4759,0.0
4760,0.0
4761,6.043172257238998
4762,14.15905546783315
4763,20.179994885961488
4764,17.23471930938407
4765,12.306588224903122
4766,4.834288581072785
4767,6.488578352199842
4768,4.641254004373244
4798,64.01192663424871
4799,91.9328608087291
4800,117.57662803539574
4801,124.6885267093204
4802,113.26172276490442
4803,121.85236358777756
4804,256.94739418402406
4805,581.4693761611003
4806,832.0953121255271
4807,699.4665557520834
4808,424.9506690534074
4809,237.09193494319703
4810,95.7897155186792
4811,76.90599099631233
4812,123.05347728200104
4813,189.61142667669088
4814,175.06766660038517
4815,94.79670103378074
4816,28.8026413116973
4817,7.365954201586599
4818,16.205305701698645
4819,24.29809298406348
4820,38.52731458846097
4821,68.15151697324762
4822,108.69596726007948
4823,124.97393257015828
4824,97.80414004727632
4825,54.75402957170247
4826,27.915477129536573
4827,16.376542231584462
4828,10.092992745357662
4829,7.228260762160971
4830,5.129682073490284
4831,7.648163442632068
4832,6.786455763639193
4833,1.5492297781968405
4836,9.25461428709324
4850,49.262749474984
4851,44.60965044914365
4852,23.637395464346373
4853,8.950468258433274
4854,4.615474081971997
4855,5.135808942729878
4856,6.850510477641453
4857,7.868142226044419
4858,6.819650597259887
4859,8.015414569135768
4860,2.048459421020303
4861,1.2146656636998312
4862,6.559946343541346
4863,11.941992315342702
4864,14.344140783435082
4865,10.6892874812884
4866,6.752495195478532
4867,4.2538768464009
4868,0.2939552874327481
4869,1.2818325710152687
4870,5.726656367982182
4871,11.140167664020623
4872,17.016298224114085
4873,19.55029572307124
4874,20.739027030155267
4875,19.167828036545625
4876,14.614311035115026
4877,11.154777356731424
4878,8.541383887035176
4908,189.13820948067345
4909,232.32467466187416
4910,218.00968535141263
4911,192.72163430042903
4912,247.90009662045867
4913,531.1700222623697
4914,1048.7075282915898
4915,1361.7962751570278
4916,1057.8710022844798
4917,495.59957611488267
4918,144.27637405008434
4919,52.05140272948494
4920,65.65855635933964
4921,120.75600207732182
4922,166.80674780027925
4923,134.85075527939392
4924,68.37811869171834
4925,26.37487319395248
4926,12.96114406738804
4927,14.73970752186847
4928,21.556137761884614
4929,33.87437788967219
4930,59.69256308343913
4931,98.0469363661936
4932,119.71502733976348
4933,100.99674659249952
4934,61.07698120777374
4935,33.04080683176481
4936,20.49105792349596
4937,14.057886808568032
4938,11.462101808249043
4939,12.0117743042215
4940,12.40874750192158
4941,9.950659392037227
4957,25.614893129365537
4958,46.23088340607104
4959,54.21403810694829
4960,38.13723907518621
4961,5.770279411380855
4962,2.3380715512705823
4963,0.0
4964,1.567524161800224
4965,11.768135611318488
4966,16.75531625551646
4967,17.525089303095633
4968,11.46026904950356
4969,6.189058584174785
4970,4.875390384728165
4971,11.833751449137532
4972,24.033018881975085
4973,28.82299721563837
4974,19.79848809989724
4975,10.921676455584372
4976,7.587285596452711
4977,7.451066230014656
4978,3.936979056630367
4979,7.917425902827769
4980,8.788135690583664
4981,6.419930629598428
4982,19.14124642452346
4983,27.555878402110103
4984,29.359699451922623
4985,23.913954479523245
4986,18.58550480840223
4987,14.029962499525608
5017,295.38295297546085
5018,413.4543532427477
5019,452.8144619773967
5020,430.8580664461355
5021,453.7973836475427
5022,699.8527008339626
5023,1121.0236686278076
5024,1302.154569808312
5025,973.9472342771744
5026,432.4535235786841
5027,132.48738643408538
5028,78.18235257813389
5029,102.10960881951196
5030,141.33598804334304
5031,143.3718877126351
5032,90.33955996650036
5033,39.4282506633112
5034,10.318485918294256
5035,10.74645953110874
5036,11.977124656001124
5037,15.817773080485471
5038,23.000505814086942
5039,39.21691540604772
5040,70.38622292027543
5041,98.79822376114755
5042,92.77697944107652
5043,57.73804541084313
5047,10.850582660028977
5048,12.203880719535386
5049,12.676853568133266
5050,10.060867742140267
5066,36.557867488679584
5067,60.01919434215026
5068,61.28568325499828
5069,35.29522066654532
5070,12.942245692169587
5071,3.156604269549568
5072,3.2407251915597257
5073,4.94113652263429
5074,19.85904804507984
5075,28.78508596664247
5076,30.244783254246915
5077,23.70639093954705
5078,14.520509253791936
5079,10.231815824985173
5080,17.10364237945146
5081,32.25117999142881
5082,36.6234699350169
5083,23.513599791973743
5084,11.976302674930054
5085,10.15660392703638
5086,13.184256004961783
5087,14.64060872498439
5088,12.386932962754583
5093,32.462128927349376
5094,28.409175892460645
5095,21.19713552108316
5096,14.155307685296313
5127,559.3167309082663
5128,718.2247267179268
5129,707.8326613012978
5130,594.5769482814269
5131,566.2112793438027
5132,648.7332745525808
5133,648.9736770069178
5134,466.3899296796408
5135,228.93256776654368
5136,149.8164249747077
5137,205.365651314763
5138,237.13724421651213
5139,205.2467567347886
5140,133.2321856172947
5141,61.502116427722
5142,12.32989117270996
5143,5.7322761415914245
5144,14.246614547754271
5145,15.334947653365791
5146,7.295279958236252
5147,13.814336339137125
5148,22.89926613468342
5149,51.424998826458896
5150,85.17599476991772
5151,83.09658053412974
5152,47.92316434563888
5175,35.45913928011974
5176,57.01803112146813
5177,58.11421661780275
5178,39.38952855305307
5179,20.402845004939508
5180,8.239089604633548
5181,9.659159718647471
5182,10.867607568531556
5183,24.0241781709646
5184,33.350221606804745
5185,35.070187396356644
5186,27.92726191149241
5187,13.633361748761956
5188,13.986572372961398
5189,21.189159549874017
5190,32.47426803535253
5191,31.942651884976826
5192,18.99195625993952
5193,3.205822219059048
5194,10.975634319803886
5195,16.17718515151408
5196,17.83830789033678
5197,14.057693352492208
5202,26.304692642752823
5203,24.74905230708464
5204,17.936396483704193
5237,700.4851962033163
5238,695.0050761351757
5239,538.6768629670812
5240,258.5741912768262
5241,246.40592166130588
5242,27.55590994450124
5243,13.577687542558971
5244,30.516885095758443
5245,54.2356453838172
5246,404.3953429358854
5247,396.00884902138665
5248,262.7397500283065
5249,132.89336438109754
5250,55.33446274902819
5251,21.931993214954865
5252,15.801227568909312
5253,21.068473508869147
5254,26.236279498845903
5255,33.38209865136896
5256,34.58009324582244
5257,46.16649145920309
5258,67.87422083135978
5259,84.71613647889133
5260,76.55200621885162
5261,42.94409986416755
5284,22.56660841422225
5285,35.97059515697455
5286,41.50421002408542
5287,36.5365436269252
5288,30.06668083865442
5289,23.47409199637999
5290,14.550872439405593
5291,15.631655869467624
5292,20.17534117022932
5293,26.60256691426665
5294,22.8047992081029
5295,23.85300609596212
5296,12.48111050714573
5297,14.2233793565952
5298,30.08276605099133
5299,40.515531654558586
5300,35.34288694316848
5301,19.95626708448732
5302,6.953502622024839
5303,7.29103120540134
5304,15.846378262100554
5305,13.4274964655987
5312,11.172553597245162
5348,369.4079193106989
5349,254.55114520981064
5350,140.43462858308632
5351,80.32460960047547
5352,51.16044090746944
5353,66.89931862550449
5354,356.4184409613089
5355,485.2210507119742
5356,452.03193933235553
5357,302.76897984392025
5358,164.06405475743136
5359,77.45181984773458
5360,21.52119480302632
5361,18.42157776817855
5362,21.078084225825943
5363,32.97075713814596
5364,53.35103626739351
5365,72.8493418976569
5366,78.99119246114199
5367,78.79108457087085
5368,77.84995112176756
5369,62.97349585157539
5396,29.439449661115
5397,39.53675786379608
5398,37.454768150348045
5399,23.89061576004862
5400,12.245990149427932
5404,14.698489771958103
5405,12.460225438879318
5406,18.93302868710319
5407,33.42367194697203
5408,52.395200584907855
5409,47.342076499532645
5410,18.8513655347215
5411,14.045879503686878
5412,13.607806933475754
5413,18.732786412473185
5414,12.451607795570364
5458,186.25413041777745
5459,138.62341930060126
5460,111.76612166431904
5461,142.97429273124476
5462,229.23998264712893
5463,337.0434232863844
5464,452.3651700700157
5465,493.5429051728112
5466,405.4591527635658
5467,253.9599982466233
5468,128.6327018425149
5469,43.588604905321496
5470,19.878483095436177
5471,14.733316094768789
5472,32.22557346802345
5473,58.599033528809365
5474,83.82149129578184
5475,86.41005996517826
5476,71.36682945925428
5477,51.1129857930678
5478,37.75608539993861
5506,36.256421241488326
5507,36.6722407354042
5508,18.98035984163708
5514,10.165853289167028
5515,21.932149288689565
5516,36.65222678400925
5517,49.82830315358525
5518,48.843287016392445
5519,36.31057595453655
5520,27.825096795221608
5521,26.7491095948634
5522,24.936954498764905
5523,15.52546946433727
5568,166.96981036154483
5569,183.57808141729583
5570,196.1397777497897
5571,221.14714832283124
5572,289.6523762127571
5573,439.19838489186736
5574,575.8453952472908
5575,542.7909673246807
5576,366.3875832517704
5577,194.99440745252065
5578,93.75540315908904
5579,37.38301967692372
5580,27.006648163115432
5581,33.88393246323958
5582,52.10390774282754
5583,70.86367288910124
5584,69.76972678173094
5585,45.00922675306994
5586,29.09872589560165
5615,20.766226030539386
5616,22.37011356231419
5617,11.721632392248187
5623,8.965822562831676
5624,14.75246134453535
5625,24.8952485091684
5628,26.3247742021227
5629,26.622086027654504
5630,27.071392039605705
5631,24.37815059923481
5632,13.55814482964874
5677,202.0132575416211
5678,255.6208891637669
5679,246.388100344375
5680,216.6140448488955
5681,213.32209108312816
5682,397.9556670445867
5683,557.5017578839519
5684,567.8421179149029
5685,418.61898527900064
5686,250.7002219061769
5687,143.77392005762098
5688,77.15314962188225
5689,47.46550663363083
5690,44.45169505160922
5691,43.38830700305495
5692,53.15110626883717
5693,47.40902290391684
5786,198.40933160528647
5787,258.6970914964804
5788,241.9392663467078
5789,187.98054746549727
5790,201.8121587154236
5791,286.5845674436274
5792,400.5857090846503
5793,442.04169946833946
5794,372.87357317248126
5795,265.6549625118609
5796,183.86675554318555
5797,130.8846541815799
5798,94.3351940933962
5799,63.42272444812016
5800,48.83833613153564
5801,37.56513704072232
5895,142.52824223348557
5896,188.256211533056
5897,174.51883699490295
5898,137.15590623258598
5899,133.69981591203472
5900,172.11391473236114
5901,239.7837308519196
5902,287.9200819125714
5903,275.4489422440371
5904,223.82545906750485
5905,172.94240635557938
5906,133.0201569027244
5907,99.1746527048028
5908,65.18695725211522
6006,94.90900417237698
6008,74.19452220968064
6009,95.33591031643822
6010,134.0328111852558
6011,172.3124793142289
6012,170.34842475213756
6013,136.64623670250833
6014,115.72055534531962
6015,91.0241939989819
6016,69.04064342762088
6118,62.47665278320602
6119,87.82069981459696
6120,100.9494325648052
6227,57.16010442477966
6228,72.84366396924945
